{"best_ADE": 65.67048645019531, "best_FDE": 80.86767578125, "train_loss": 239.58432006835938, "test/train_ADE": 10.876374244689941, "test/train_FDE": 167.74481201171875, "_runtime": 20725, "_timestamp": 1643739083, "_step": 49}